id,gender,masterCategory,subCategory,articleType,baseColour,season,year,usage,productDisplayName,Description
15970,Men,Apparel,Topwear,Shirts,Navy Blue,Fall,2011,Casual,Turtle Check Men Navy Blue Shirt,"This navy blue shirts is a must-have for fall fashion. Designed for casual use, it combines style and comfort effortlessly."
39386,Men,Apparel,Bottomwear,Jeans,Blue,Summer,2012,Casual,Peter England Men Party Blue Jeans,"This blue jeans is a must-have for summer fashion. Designed for casual use, it combines style and comfort effortlessly."
59263,Women,Accessories,Watches,Watches,Silver,Winter,2016,Casual,Titan Women Silver Watch,"This silver watches is a must-have for winter fashion. Designed for casual use, it combines style and comfort effortlessly."
21379,Men,Apparel,Bottomwear,Track Pants,Black,Fall,2011,Casual,Manchester United Men Solid Black Track Pants,"This black track pants is a must-have for fall fashion. Designed for casual use, it combines style and comfort effortlessly."
53759,Men,Apparel,Topwear,Tshirts,Grey,Summer,2012,Casual,Puma Men Grey T-shirt,"This grey tshirts is a must-have for summer fashion. Designed for casual use, it combines style and comfort effortlessly."
1855,Men,Apparel,Topwear,Tshirts,Grey,Summer,2011,Casual,Inkfruit Mens Chain Reaction T-shirt,"This grey tshirts is a must-have for summer fashion. Designed for casual use, it combines style and comfort effortlessly."
30805,Men,Apparel,Topwear,Shirts,Green,Summer,2012,Ethnic,Fabindia Men Striped Green Shirt,"This green shirts is a must-have for summer fashion. Designed for ethnic use, it combines style and comfort effortlessly."
26960,Women,Apparel,Topwear,Shirts,Purple,Summer,2012,Casual,Jealous 21 Women Purple Shirt,"This purple shirts is a must-have for summer fashion. Designed for casual use, it combines style and comfort effortlessly."
29114,Men,Accessories,Socks,Socks,Navy Blue,Summer,2012,Casual,Puma Men Pack of 3 Socks,"This navy blue socks is a must-have for summer fashion. Designed for casual use, it combines style and comfort effortlessly."
30039,Men,Accessories,Watches,Watches,Black,Winter,2016,Casual,Skagen Men Black Watch,"This black watches is a must-have for winter fashion. Designed for casual use, it combines style and comfort effortlessly."
9204,Men,Footwear,Shoes,Casual Shoes,Black,Summer,2011,Casual,Puma Men Future Cat Remix SF Black Casual Shoes,"This black casual shoes is a must-have for summer fashion. Designed for casual use, it combines style and comfort effortlessly."
48123,Women,Accessories,Belts,Belts,Black,Summer,2012,Casual,Fossil Women Black Huarache Weave Belt,"This black belts is a must-have for summer fashion. Designed for casual use, it combines style and comfort effortlessly."
18653,Men,Footwear,Flip Flops,Flip Flops,Black,Fall,2011,Casual,Fila Men Cush Flex Black Slippers,"This black flip flops is a must-have for fall fashion. Designed for casual use, it combines style and comfort effortlessly."
47957,Women,Accessories,Bags,Handbags,Blue,Summer,2012,Casual,Murcia Women Blue Handbag,"This blue handbags is a must-have for summer fashion. Designed for casual use, it combines style and comfort effortlessly."
46885,Boys,Footwear,Flip Flops,Flip Flops,Navy Blue,Fall,2012,Casual,Ben 10 Boys Navy Blue Slippers,"This navy blue flip flops is a must-have for fall fashion. Designed for casual use, it combines style and comfort effortlessly."
12369,Men,Apparel,Topwear,Shirts,Purple,Fall,2011,Formal,Reid & Taylor Men Check Purple Shirts,"This purple shirts is a must-have for fall fashion. Designed for formal use, it combines style and comfort effortlessly."
29928,Men,Accessories,Watches,Watches,Black,Winter,2016,Casual,Police Men Black Dial Watch PL12889JVSB,"This black watches is a must-have for winter fashion. Designed for casual use, it combines style and comfort effortlessly."
42419,Girls,Apparel,Topwear,Tops,White,Summer,2012,Casual,Gini and Jony Girls Knit White Top,"This white tops is a must-have for summer fashion. Designed for casual use, it combines style and comfort effortlessly."
51832,Women,Apparel,Innerwear,Bra,Beige,Summer,2016,Casual,Bwitch Beige Full-Coverage Bra BW335,"This beige bra is a must-have for summer fashion. Designed for casual use, it combines style and comfort effortlessly."
47359,Women,Accessories,Bags,Handbags,Brown,Summer,2012,Casual,Baggit Women Brown Handbag,"This brown handbags is a must-have for summer fashion. Designed for casual use, it combines style and comfort effortlessly."
17429,Men,Accessories,Watches,Watches,Black,Winter,2016,Casual,CASIO G-Shock Men Black Digital Watch G-7710-1DR G223,"This black watches is a must-have for winter fashion. Designed for casual use, it combines style and comfort effortlessly."
12967,Men,Footwear,Sandal,Sandals,Black,Fall,2011,Casual,ADIDAS Men Spry M Black Sandals,"This black sandals is a must-have for fall fashion. Designed for casual use, it combines style and comfort effortlessly."
6842,Unisex,Accessories,Shoe Accessories,Shoe Accessories,Black,Summer,2011,Casual,Timberland Unisex Rubber Sole Brush Shoe Accessories,"This black shoe accessories is a must-have for summer fashion. Designed for casual use, it combines style and comfort effortlessly."
13089,Men,Apparel,Topwear,Sweatshirts,Grey,Fall,2011,Sports,ADIDAS Men Lfc Auth Hood Grey Sweatshirts,"This grey sweatshirts is a must-have for fall fashion. Designed for sports use, it combines style and comfort effortlessly."
18461,Men,Personal Care,Fragrance,Deodorant,White,Spring,2017,Casual,David Beckham Signature Men Deos,"This white deodorant is a must-have for spring fashion. Designed for casual use, it combines style and comfort effortlessly."
9036,Men,Footwear,Shoes,Formal Shoes,Black,Winter,2011,Formal,Buckaroo Men Flores Black Formal Shoes,"This black formal shoes is a must-have for winter fashion. Designed for formal use, it combines style and comfort effortlessly."
48311,Women,Accessories,Jewellery,Bracelet,Bronze,Winter,2012,Casual,Pitaraa Women Bronze Beaded Bracelet,"This bronze bracelet is a must-have for winter fashion. Designed for casual use, it combines style and comfort effortlessly."
7990,Men,Apparel,Topwear,Tshirts,Navy Blue,Fall,2011,Sports,Fila Men's Round Neck Navy Blue T-shirt,"This navy blue tshirts is a must-have for fall fashion. Designed for sports use, it combines style and comfort effortlessly."
56019,Women,Personal Care,Lips,Lipstick,Brown,Spring,2017,Casual,Colorbar Soft Touch Show Stopper Copper Lipstick 037,"This brown lipstick is a must-have for spring fashion. Designed for casual use, it combines style and comfort effortlessly."
21977,Women,Accessories,Bags,Handbags,Brown,Winter,2015,Casual,Murcia Women Casual Brown Handbag,"This brown handbags is a must-have for winter fashion. Designed for casual use, it combines style and comfort effortlessly."
37812,Men,Apparel,Topwear,Shirts,Navy Blue,Summer,2012,Formal,John Players Men Navy Blue Shirt,"This navy blue shirts is a must-have for summer fashion. Designed for formal use, it combines style and comfort effortlessly."
4729,Boys,Apparel,Topwear,Tshirts,Green,Summer,2011,Casual,Disney Kids Boy's Crew Sea Life Sialing Green Teen Kidswear,"This green tshirts is a must-have for summer fashion. Designed for casual use, it combines style and comfort effortlessly."
56825,Men,Apparel,Topwear,Shirts,Brown,Summer,2012,Casual,John Players Men Brown Shirt,"This brown shirts is a must-have for summer fashion. Designed for casual use, it combines style and comfort effortlessly."
39988,Men,Footwear,Shoes,Casual Shoes,White,Winter,2014,Casual,Gas Men Europa White Shoes,"This white casual shoes is a must-have for winter fashion. Designed for casual use, it combines style and comfort effortlessly."
59051,Women,Footwear,Shoes,Flats,Black,Winter,2012,Casual,Carlton London Women Black & Gold Toned Flats,"This black flats is a must-have for winter fashion. Designed for casual use, it combines style and comfort effortlessly."
20099,Women,Apparel,Topwear,Kurtas,Green,Fall,2011,Ethnic,Diva Women Embroided Green Kurta,"This green kurtas is a must-have for fall fashion. Designed for ethnic use, it combines style and comfort effortlessly."
58183,Women,Accessories,Bags,Handbags,White,Summer,2012,Casual,Rocky S Women White Handbag,"This white handbags is a must-have for summer fashion. Designed for casual use, it combines style and comfort effortlessly."
29742,Women,Accessories,Bags,Handbags,Teal,Summer,2012,Casual,Kiara Women Teal Handbag,"This teal handbags is a must-have for summer fashion. Designed for casual use, it combines style and comfort effortlessly."
51658,Women,Accessories,Watches,Watches,Copper,Winter,2016,Casual,Fossil Women Copper Chronograph Watch CH2589,"This copper watches is a must-have for winter fashion. Designed for casual use, it combines style and comfort effortlessly."
3954,Women,Apparel,Topwear,Tshirts,Pink,Summer,2011,Casual,Jealous 21 Women's Pink T-shirt,"This pink tshirts is a must-have for summer fashion. Designed for casual use, it combines style and comfort effortlessly."
18839,Men,Accessories,Belts,Belts,Black,Fall,2011,Formal,Peter England Men Formal Black Belt,"This black belts is a must-have for fall fashion. Designed for formal use, it combines style and comfort effortlessly."
2886,Women,Footwear,Shoes,Flats,Brown,Winter,2015,Casual,Catwalk Women Leather Brown Flats,"This brown flats is a must-have for winter fashion. Designed for casual use, it combines style and comfort effortlessly."
23278,Men,Accessories,Watches,Watches,Off White,Winter,2016,Casual,Maxima Ssteele Men Off White Watch,"This off white watches is a must-have for winter fashion. Designed for casual use, it combines style and comfort effortlessly."
28690,Women,Apparel,Topwear,Kurtas,Beige,Summer,2012,Ethnic,W Women Printed Beige Kurta,"This beige kurtas is a must-have for summer fashion. Designed for ethnic use, it combines style and comfort effortlessly."
8580,Men,Apparel,Topwear,Waistcoat,Grey,Fall,2011,Casual,Scullers Men  Grey Waistcoat,"This grey waistcoat is a must-have for fall fashion. Designed for casual use, it combines style and comfort effortlessly."
3168,Men,Footwear,Shoes,Sports Shoes,White,Fall,2010,Sports,Nike Men's Incinerate MSL White Blue Shoe,"This white sports shoes is a must-have for fall fashion. Designed for sports use, it combines style and comfort effortlessly."
18005,Men,Apparel,Bottomwear,Shorts,Black,Summer,2011,Sports,Puma Men Long Logo Black Bermuda,"This black shorts is a must-have for summer fashion. Designed for sports use, it combines style and comfort effortlessly."
17871,Men,Apparel,Innerwear,Briefs,Maroon,Winter,2016,Casual,Levis Men Boxer Maroon Brief,"This maroon briefs is a must-have for winter fashion. Designed for casual use, it combines style and comfort effortlessly."
9452,Men,Apparel,Topwear,Shirts,Red,Fall,2011,Formal,John Miller Men Stripes White Red Shirts,"This red shirts is a must-have for fall fashion. Designed for formal use, it combines style and comfort effortlessly."
38402,Women,Accessories,Belts,Belts,Black,Summer,2012,Casual,Baggit Women Hood Dabang Black Belt,"This black belts is a must-have for summer fashion. Designed for casual use, it combines style and comfort effortlessly."
44984,Women,Accessories,Watches,Watches,White,Winter,2016,Casual,Maxima Women White Dial Watch,"This white watches is a must-have for winter fashion. Designed for casual use, it combines style and comfort effortlessly."
10268,Men,Footwear,Shoes,Formal Shoes,Black,Fall,2012,Formal,Clarks Men Hang Work Leather Black Formal Shoes,"This black formal shoes is a must-have for fall fashion. Designed for formal use, it combines style and comfort effortlessly."
45856,Women,Apparel,Topwear,Kurtas,Brown,Summer,2012,Ethnic,Vishudh Women Brown Kurta,"This brown kurtas is a must-have for summer fashion. Designed for ethnic use, it combines style and comfort effortlessly."
32138,Men,Apparel,Innerwear,Briefs,Blue,Summer,2016,Casual,Playboy Men Blue Titanium Briefs,"This blue briefs is a must-have for summer fashion. Designed for casual use, it combines style and comfort effortlessly."
59435,Men,Footwear,Shoes,Formal Shoes,Black,Summer,2012,Formal,Arrow Men Black Formal Shoes,"This black formal shoes is a must-have for summer fashion. Designed for formal use, it combines style and comfort effortlessly."
5891,Men,Apparel,Topwear,Tshirts,Black,Summer,2011,Casual,Puma Men's Stripe Polo Black T-shirt,"This black tshirts is a must-have for summer fashion. Designed for casual use, it combines style and comfort effortlessly."
38630,Women,Apparel,Topwear,Tshirts,Purple,Summer,2012,Casual,Nike Women Purple Polo T-shirt,"This purple tshirts is a must-have for summer fashion. Designed for casual use, it combines style and comfort effortlessly."
4943,Men,Apparel,Topwear,Shirts,White,Summer,2011,Casual,Gini and Jony Boy's Kaleb White Brown Kidswear,"This white shirts is a must-have for summer fashion. Designed for casual use, it combines style and comfort effortlessly."
11188,Men,Accessories,Watches,Watches,Silver,Winter,2016,Casual,Carrera Men Dial steel finish strap Silver Watches,"This silver watches is a must-have for winter fashion. Designed for casual use, it combines style and comfort effortlessly."
10866,Men,Apparel,Topwear,Tshirts,Red,Fall,2011,Casual,Wrangler Men Motor Rider Red T-Shirts,"This red tshirts is a must-have for fall fashion. Designed for casual use, it combines style and comfort effortlessly."
59607,Women,Apparel,Saree,Sarees,Grey,Fall,2012,Ethnic,FNF Pink & Grey Wedding Collection Sari,"This grey sarees is a must-have for fall fashion. Designed for ethnic use, it combines style and comfort effortlessly."
15528,Men,Apparel,Topwear,Tshirts,Black,Fall,2011,Casual,Puma Men Scribble Black Tshirts,"This black tshirts is a must-have for fall fashion. Designed for casual use, it combines style and comfort effortlessly."
45258,Men,Accessories,Watches,Watches,Black,Winter,2016,Casual,CASIO EDIFICE Men Black Dial Chronograph Watch ED60,"This black watches is a must-have for winter fashion. Designed for casual use, it combines style and comfort effortlessly."
42841,Women,Accessories,Bags,Handbags,Beige,Summer,2012,Casual,French Connection Women Beige Handbag,"This beige handbags is a must-have for summer fashion. Designed for casual use, it combines style and comfort effortlessly."
22198,Men,Footwear,Shoes,Casual Shoes,Black,Fall,2012,Casual,Timberland Men Black Casual Shoes,"This black casual shoes is a must-have for fall fashion. Designed for casual use, it combines style and comfort effortlessly."
29570,Men,Footwear,Shoes,Casual Shoes,Purple,Summer,2012,Casual,Vans Men Classic Slip-On Purple & Black Shoes,"This purple casual shoes is a must-have for summer fashion. Designed for casual use, it combines style and comfort effortlessly."
43993,Women,Personal Care,Fragrance,Perfume and Body Mist,Pink,Spring,2017,Casual,Police Women Passion Perfume,"This pink perfume and body mist is a must-have for spring fashion. Designed for casual use, it combines style and comfort effortlessly."
6628,Men,Footwear,Shoes,Sports Shoes,White,Summer,2011,Sports,ADIDAS Men's Lowell White Silver Shoe,"This white sports shoes is a must-have for summer fashion. Designed for sports use, it combines style and comfort effortlessly."
54924,Men,Apparel,Bottomwear,Shorts,Blue,Summer,2012,Casual,Do U Speak Green Men Blue Shorts,"This blue shorts is a must-have for summer fashion. Designed for casual use, it combines style and comfort effortlessly."
26538,Men,Footwear,Shoes,Casual Shoes,Red,Fall,2012,Casual,ID Men Red Shoes,"This red casual shoes is a must-have for fall fashion. Designed for casual use, it combines style and comfort effortlessly."
35913,Women,Accessories,Bags,Handbags,Black,Summer,2012,Casual,Peperone Women Black & White Handbag,"This black handbags is a must-have for summer fashion. Designed for casual use, it combines style and comfort effortlessly."
49495,Men,Footwear,Shoes,Casual Shoes,Khaki,Summer,2012,Casual,Vans Men Khaki Shoes,"This khaki casual shoes is a must-have for summer fashion. Designed for casual use, it combines style and comfort effortlessly."
9660,Men,Apparel,Topwear,Shirts,Pink,Fall,2011,Casual,Indigo Nation Men Reversible Bling Pink Shirts,"This pink shirts is a must-have for fall fashion. Designed for casual use, it combines style and comfort effortlessly."
2288,Women,Apparel,Topwear,Tshirts,Black,Fall,2010,Sports,Nike Women Black T-shirt,"This black tshirts is a must-have for fall fashion. Designed for sports use, it combines style and comfort effortlessly."
23876,Men,Apparel,Topwear,Sweatshirts,Blue,Fall,2011,Casual,ADIDAS Men Blue Sweatshirt,"This blue sweatshirts is a must-have for fall fashion. Designed for casual use, it combines style and comfort effortlessly."
18237,Men,Apparel,Topwear,Tshirts,Red,Fall,2011,Casual,Manchester United Men Solid Red Tshirt,"This red tshirts is a must-have for fall fashion. Designed for casual use, it combines style and comfort effortlessly."
54118,Women,Footwear,Shoes,Heels,Black,Winter,2012,Casual,Rocia Women Black Flats,"This black heels is a must-have for winter fashion. Designed for casual use, it combines style and comfort effortlessly."
2872,Women,Footwear,Shoes,Heels,Brown,Winter,2015,Casual,Catwalk Women Leather Flats,"This brown heels is a must-have for winter fashion. Designed for casual use, it combines style and comfort effortlessly."
49653,Women,Apparel,Topwear,Tops,Green,Summer,2012,Casual,Mineral Women Green Top,"This green tops is a must-have for summer fashion. Designed for casual use, it combines style and comfort effortlessly."
8574,Women,Footwear,Sandal,Sandals,Pink,Fall,2011,Casual,Crocs Dora Boots Pink Sandals,"This pink sandals is a must-have for fall fashion. Designed for casual use, it combines style and comfort effortlessly."
16957,Men,Accessories,Eyewear,Sunglasses,Black,Winter,2016,Casual,Image Men Sunglasses,"This black sunglasses is a must-have for winter fashion. Designed for casual use, it combines style and comfort effortlessly."
19123,Men,Footwear,Flip Flops,Flip Flops,Silver,Fall,2011,Casual,Lotto Men XL Water Man Silver Slippers,"This silver flip flops is a must-have for fall fashion. Designed for casual use, it combines style and comfort effortlessly."
13419,Men,Apparel,Topwear,Tshirts,Pink,Summer,2011,Casual,United Colors of Benetton Men Solid Pink Polo T-shirts,"This pink tshirts is a must-have for summer fashion. Designed for casual use, it combines style and comfort effortlessly."
17885,Men,Apparel,Innerwear,Innerwear Vests,Grey,Summer,2016,Casual,Levis Men Comfort Style Grey Innerwear Vest,"This grey innerwear vests is a must-have for summer fashion. Designed for casual use, it combines style and comfort effortlessly."
43369,Men,Footwear,Flip Flops,Flip Flops,Black,Summer,2013,Casual,Reebok Men Black Possession Flip Flops,"This black flip flops is a must-have for summer fashion. Designed for casual use, it combines style and comfort effortlessly."
48781,Women,Accessories,Jewellery,Pendant,Silver,Summer,2012,Casual,Lucera Women Silver Pendant,"This silver pendant is a must-have for summer fashion. Designed for casual use, it combines style and comfort effortlessly."
44970,Men,Accessories,Watches,Watches,White,Winter,2016,Casual,Maxima Men White Dial Analog Chronograph Watch,"This white watches is a must-have for winter fashion. Designed for casual use, it combines style and comfort effortlessly."
56489,Women,Personal Care,Nails,Nail Polish,Bronze,Spring,2017,general,Streetwear Ash Nail Polish # 31,"This bronze nail polish is a must-have for spring fashion. Designed for general use, it combines style and comfort effortlessly."
39524,Unisex,Accessories,Bags,Laptop Bag,Orange,Summer,2012,Casual,Peter England Unisex Orange Sleeve Bag,"This orange laptop bag is a must-have for summer fashion. Designed for casual use, it combines style and comfort effortlessly."
33822,Men,Footwear,Shoes,Sports Shoes,White,Summer,2012,Sports,Puma Men Axis White & Grey Sports Shoes,"This white sports shoes is a must-have for summer fashion. Designed for sports use, it combines style and comfort effortlessly."
58513,Women,Apparel,Topwear,Tops,Off White,Summer,2012,Casual,Tonga Women Maroon Top,"This off white tops is a must-have for summer fashion. Designed for casual use, it combines style and comfort effortlessly."
25947,Women,Accessories,Scarves,Scarves,Brown,Summer,2012,Casual,Femella Women Brown Scarf,"This brown scarves is a must-have for summer fashion. Designed for casual use, it combines style and comfort effortlessly."
52029,Unisex,Apparel,Topwear,Rain Jacket,Coffee Brown,Summer,2012,general,Just Natural Unisex Charcoal Rain Jacket,"This coffee brown rain jacket is a must-have for summer fashion. Designed for general use, it combines style and comfort effortlessly."
5865,Men,Apparel,Topwear,Tshirts,Black,Summer,2011,Casual,ADIDAS Men's Twelve Faster T-shirt,"This black tshirts is a must-have for summer fashion. Designed for casual use, it combines style and comfort effortlessly."
39716,Women,Apparel,Dress,Dresses,Blue,Summer,2012,Casual,Arrow Woman Women Blue Dress,"This blue dresses is a must-have for summer fashion. Designed for casual use, it combines style and comfort effortlessly."
25349,Men,Apparel,Innerwear,Briefs,Red,Summer,2016,Casual,Levis Men Red Brief,"This red briefs is a must-have for summer fashion. Designed for casual use, it combines style and comfort effortlessly."
11940,Men,Footwear,Sandal,Sandals,Black,Summer,2011,Casual,Ganuchi Men Casual Black Sandals,"This black sandals is a must-have for summer fashion. Designed for casual use, it combines style and comfort effortlessly."
55802,Women,Apparel,Loungewear and Nightwear,Night suits,White,Summer,2017,Casual,SDL by Sweet Dreams Women Green Printed Night Suit S11-3124,"This white night suits is a must-have for summer fashion. Designed for casual use, it combines style and comfort effortlessly."
29584,Men,Apparel,Topwear,Tshirts,Black,Summer,2012,Casual,Indigo Nation Men Printed Black T-shirt,"This black tshirts is a must-have for summer fashion. Designed for casual use, it combines style and comfort effortlessly."
43967,Women,Personal Care,Fragrance,Perfume and Body Mist,Red,Spring,2017,Casual,DKNY Women Red Delicious Perfume,"This red perfume and body mist is a must-have for spring fashion. Designed for casual use, it combines style and comfort effortlessly."
28456,Women,Apparel,Bottomwear,Skirts,Blue,Summer,2012,Sports,Urban Yoga Women Blue Skirt With Leggings,"This blue skirts is a must-have for summer fashion. Designed for sports use, it combines style and comfort effortlessly."
34009,Girls,Apparel,Topwear,Tops,Black,Summer,2012,Casual,Gini and Jony Girls Black Top,"This black tops is a must-have for summer fashion. Designed for casual use, it combines style and comfort effortlessly."
19311,Men,Footwear,Shoes,Casual Shoes,White,Fall,2011,Casual,Nike Men Air Rift MTR White Casual Shoe,"This white casual shoes is a must-have for fall fashion. Designed for casual use, it combines style and comfort effortlessly."
42089,Men,Footwear,Shoes,Sports Shoes,White,Summer,2012,Sports,ADIDAS Men White Corona Sports Shoes,"This white sports shoes is a must-have for summer fashion. Designed for sports use, it combines style and comfort effortlessly."
22950,Unisex,Accessories,Watches,Watches,Black,Winter,2016,Casual,Fastrack Unisex Black Dial Watch 9915PP13,"This black watches is a must-have for winter fashion. Designed for casual use, it combines style and comfort effortlessly."
49461,Men,Footwear,Shoes,Casual Shoes,Blue,Summer,2012,Casual,Vans Men Blue Era Scilla Plaid Shoes,"This blue casual shoes is a must-have for summer fashion. Designed for casual use, it combines style and comfort effortlessly."
8746,Unisex,Footwear,Flip Flops,Flip Flops,Navy Blue,Summer,2015,Casual,Crocs Kids Navy Blue Clogs,"This navy blue flip flops is a must-have for summer fashion. Designed for casual use, it combines style and comfort effortlessly."
9694,Men,Apparel,Topwear,Tshirts,White,Fall,2011,Casual,Classic Polo Men Vulcan White Polo Tshirts,"This white tshirts is a must-have for fall fashion. Designed for casual use, it combines style and comfort effortlessly."
23882,Men,Footwear,Shoes,Sports Shoes,Grey,Fall,2011,Sports,Fila Men Destiny Grey Sports Shoes,"This grey sports shoes is a must-have for fall fashion. Designed for sports use, it combines style and comfort effortlessly."
34835,Men,Footwear,Shoes,Sports Shoes,Blue,Summer,2012,Sports,ADIDAS Men Blue Chill Sports Shoes,"This blue sports shoes is a must-have for summer fashion. Designed for sports use, it combines style and comfort effortlessly."
15984,Men,Apparel,Topwear,Shirts,Yellow,Fall,2011,Casual,Turtle Check Men Yellow Shirt,"This yellow shirts is a must-have for fall fashion. Designed for casual use, it combines style and comfort effortlessly."
41268,Men,Accessories,Wallets,Wallets,Black,Summer,2012,Casual,Arrow Men Black Wallet,"This black wallets is a must-have for summer fashion. Designed for casual use, it combines style and comfort effortlessly."
11518,Women,Footwear,Shoes,Heels,Grey,Winter,2015,Casual,Catwalk Women Gun Metal Grey Heels,"This grey heels is a must-have for winter fashion. Designed for casual use, it combines style and comfort effortlessly."
14856,Women,Accessories,Wallets,Wallets,Beige,Summer,2011,Casual,United Colors of Benetton Women Solid Beige Wallets,"This beige wallets is a must-have for summer fashion. Designed for casual use, it combines style and comfort effortlessly."
33648,Men,Footwear,Sandal,Sandals,Brown,Summer,2012,Casual,Lotto Men Ridge Brown Sandals,"This brown sandals is a must-have for summer fashion. Designed for casual use, it combines style and comfort effortlessly."
59297,Men,Apparel,Topwear,Shirts,White,Fall,2012,Casual,U.S. Polo Assn. Men White & Navy Blue Shirt,"This white shirts is a must-have for fall fashion. Designed for casual use, it combines style and comfort effortlessly."
28032,Men,Apparel,Innerwear,Briefs,White,Summer,2016,Casual,Jockey ELANCE Men Bikini White Brief 1005,"This white briefs is a must-have for summer fashion. Designed for casual use, it combines style and comfort effortlessly."
27846,Women,Apparel,Topwear,Blazers,Charcoal,Summer,2012,Formal,Scullers For Her Charcoal Blazer,"This charcoal blazers is a must-have for summer fashion. Designed for formal use, it combines style and comfort effortlessly."
26994,Women,Apparel,Bottomwear,Jeans,Black,Summer,2012,Casual,Jealous 21 Women Black Jeans,"This black jeans is a must-have for summer fashion. Designed for casual use, it combines style and comfort effortlessly."
49839,Women,Footwear,Flip Flops,Flip Flops,Red,Winter,2012,Casual,iPanema Women Red Flip Flops,"This red flip flops is a must-have for winter fashion. Designed for casual use, it combines style and comfort effortlessly."
31923,Women,Accessories,Bags,Handbags,Blue,Summer,2012,Casual,Fabindia Women Blue Silk Sling Bag,"This blue handbags is a must-have for summer fashion. Designed for casual use, it combines style and comfort effortlessly."
2618,Women,Footwear,Shoes,Flats,Silver,Spring,2010,Casual,Carlton London Women Silver Wedge Sandal,"This silver flats is a must-have for spring fashion. Designed for casual use, it combines style and comfort effortlessly."
54588,Women,Apparel,Topwear,Kurtas,Green,Summer,2012,Ethnic,Sushilas Women Printed Green Kurta,"This green kurtas is a must-have for summer fashion. Designed for ethnic use, it combines style and comfort effortlessly."
49005,Women,Accessories,Jewellery,Ring,Silver,Summer,2012,Casual,Lucera Women Silver Ring,"This silver ring is a must-have for summer fashion. Designed for casual use, it combines style and comfort effortlessly."
8322,Boys,Apparel,Topwear,Tshirts,Blue,Fall,2011,Casual,Doodle Boy's Route 66 Biker Blue Teen Kidswear,"This blue tshirts is a must-have for fall fashion. Designed for casual use, it combines style and comfort effortlessly."
13841,Unisex,Accessories,Watches,Watches,White,Winter,2016,Casual,ADIDAS Unisex Three Small Dials White Watches,"This white watches is a must-have for winter fashion. Designed for casual use, it combines style and comfort effortlessly."
28200,Men,Accessories,Eyewear,Sunglasses,Copper,Winter,2016,Casual,Ray-Ban Men Active Lifestyle Copper Sunglasses,"This copper sunglasses is a must-have for winter fashion. Designed for casual use, it combines style and comfort effortlessly."
12993,Unisex,Footwear,Shoes,Sports Shoes,Black,Fall,2011,Sports,ADIDAS Kids Adispeed Black Sports Shoes,"This black sports shoes is a must-have for fall fashion. Designed for sports use, it combines style and comfort effortlessly."
7158,Men,Apparel,Topwear,Shirts,Green,Fall,2011,Casual,Scullers Men  Green Check Shirt,"This green shirts is a must-have for fall fashion. Designed for casual use, it combines style and comfort effortlessly."
18495,Men,Footwear,Sandal,Sandals,White,Fall,2011,Casual,Puma Men Fashion Cat White Slipper,"This white sandals is a must-have for fall fashion. Designed for casual use, it combines style and comfort effortlessly."
8110,Men,Accessories,Watches,Watches,Black,Winter,2016,Casual,Fastrack Men Economy 2 Analg Black Watch,"This black watches is a must-have for winter fashion. Designed for casual use, it combines style and comfort effortlessly."
19547,Men,Apparel,Topwear,Sweatshirts,Blue,Fall,2011,Casual,United Colors of Benetton Men Solid Blue Sweatshirt,"This blue sweatshirts is a must-have for fall fashion. Designed for casual use, it combines style and comfort effortlessly."
7964,Men,Apparel,Topwear,Tshirts,Black,Fall,2011,Sports,Puma Men's Large Logo Graphic Black T-shirt,"This black tshirts is a must-have for fall fashion. Designed for sports use, it combines style and comfort effortlessly."
36934,Women,Personal Care,Fragrance,Perfume and Body Mist,Gold,Spring,2017,Casual,Giorgio Armani Women Idole Perfume,"This gold perfume and body mist is a must-have for spring fashion. Designed for casual use, it combines style and comfort effortlessly."
39140,Women,Apparel,Apparel Set,Kurta Sets,Black,Summer,2012,Ethnic,Aneri Women Black & Maroon Salwar Suit,"This black kurta sets is a must-have for summer fashion. Designed for ethnic use, it combines style and comfort effortlessly."
20851,Women,Accessories,Bags,Clutches,Red,Winter,2015,Casual,Spice Art Women Ribbon Embroidery Red Clutch,"This red clutches is a must-have for winter fashion. Designed for casual use, it combines style and comfort effortlessly."
41866,Men,Footwear,Sandal,Sandals,Beige,Fall,2015,Casual,Estd. 1977 Men Beige & Green Sandals,"This beige sandals is a must-have for fall fashion. Designed for casual use, it combines style and comfort effortlessly."
58177,Women,Accessories,Bags,Handbags,Brown,Summer,2012,Casual,Rocky S Women Brown Handbag,"This brown handbags is a must-have for summer fashion. Designed for casual use, it combines style and comfort effortlessly."
44528,Men,Footwear,Sandal,Sandals,Black,Summer,2012,Casual,Coolers Men Black Sandals,"This black sandals is a must-have for summer fashion. Designed for casual use, it combines style and comfort effortlessly."
16392,Men,Apparel,Topwear,Shirts,Red,Fall,2011,Casual,Levis Men Check Red Shirts,"This red shirts is a must-have for fall fashion. Designed for casual use, it combines style and comfort effortlessly."
51455,Women,Apparel,Topwear,Shrug,Pink,Summer,2012,Casual,Tonga Women Pink Printed Shrug,"This pink shrug is a must-have for summer fashion. Designed for casual use, it combines style and comfort effortlessly."
50587,Men,Apparel,Innerwear,Briefs,Grey,Summer,2016,Casual,Chromozome Men Grey Briefs,"This grey briefs is a must-have for summer fashion. Designed for casual use, it combines style and comfort effortlessly."
17240,Men,Apparel,Topwear,Tshirts,Black,Fall,2011,Casual,U.S. Polo Assn. Men Stripes Black  Polo Tshirt,"This black tshirts is a must-have for fall fashion. Designed for casual use, it combines style and comfort effortlessly."
47530,Women,Footwear,Shoes,Flats,Copper,Winter,2012,Casual,Portia Women Copper-Toned & Brown Sandals,"This copper flats is a must-have for winter fashion. Designed for casual use, it combines style and comfort effortlessly."
6617,Men,Apparel,Topwear,Shirts,Black,Summer,2011,Casual,Spykar Men Black and white Check Shirt,"This black shirts is a must-have for summer fashion. Designed for casual use, it combines style and comfort effortlessly."
12732,Unisex,Accessories,Bags,Backpacks,Black,Fall,2011,Sports,Nike Unisex Swoosh Black Backpack,"This black backpacks is a must-have for fall fashion. Designed for sports use, it combines style and comfort effortlessly."
3365,Men,Apparel,Topwear,Tshirts,Black,Summer,2011,Casual,Myntra Men's Brain Black T-shirt,"This black tshirts is a must-have for summer fashion. Designed for casual use, it combines style and comfort effortlessly."
42042,Men,Footwear,Shoes,Sports Shoes,White,Summer,2012,Sports,Nike Men Air Relentless 2 MSL White Sports Shoes,"This white sports shoes is a must-have for summer fashion. Designed for sports use, it combines style and comfort effortlessly."
23849,Men,Footwear,Shoes,Casual Shoes,Black,Fall,2011,Casual,ADIDAS Men Black Anzo Breeze Casual Shoes,"This black casual shoes is a must-have for fall fashion. Designed for casual use, it combines style and comfort effortlessly."
43190,Women,Accessories,Watches,Watches,White,Winter,2016,Casual,Fastrack Women White Dial Watch,"This white watches is a must-have for winter fashion. Designed for casual use, it combines style and comfort effortlessly."
48578,Men,Accessories,Jewellery,Bracelet,Steel,Summer,2012,Casual,Revv Men Steel Bracelet,"This steel bracelet is a must-have for summer fashion. Designed for casual use, it combines style and comfort effortlessly."
30462,Women,Apparel,Innerwear,Bra,Black,Summer,2014,Casual,Lovable Women All Day Long Black Bra,"This black bra is a must-have for summer fashion. Designed for casual use, it combines style and comfort effortlessly."
18208,Men,Accessories,Headwear,Caps,White,Fall,2011,Casual,Manchester United Men Solid White Cap,"This white caps is a must-have for fall fashion. Designed for casual use, it combines style and comfort effortlessly."
54127,Women,Footwear,Shoes,Heels,Black,Winter,2012,Casual,Rocia Women Black Heels,"This black heels is a must-have for winter fashion. Designed for casual use, it combines style and comfort effortlessly."
10065,Men,Apparel,Topwear,Tshirts,Yellow,Fall,2011,Casual,Puma Men ducati logo tee Yellow Tshirts,"This yellow tshirts is a must-have for fall fashion. Designed for casual use, it combines style and comfort effortlessly."
24250,Men,Footwear,Shoes,Casual Shoes,White,Fall,2012,Casual,Numero Uno Men White Casual Shoes,"This white casual shoes is a must-have for fall fashion. Designed for casual use, it combines style and comfort effortlessly."
32335,Men,Accessories,Watches,Watches,Silver,Winter,2016,Casual,Q&Q Men Silver-Toned Dial Analogue Watch Q252J404Y,"This silver watches is a must-have for winter fashion. Designed for casual use, it combines style and comfort effortlessly."
25382,Men,Apparel,Innerwear,Innerwear Vests,White,Summer,2016,Casual,Levis Men White Innerwear Vest,"This white innerwear vests is a must-have for summer fashion. Designed for casual use, it combines style and comfort effortlessly."
56670,Men,Accessories,Watches,Watches,Black,Winter,2016,Casual,Maxima Men Black Dial Watch,"This black watches is a must-have for winter fashion. Designed for casual use, it combines style and comfort effortlessly."
5092,Men,Apparel,Topwear,Tshirts,Purple,Summer,2011,Casual,Wrangler Men's Minstrel Shoulder Loop Purple T-shirt,"This purple tshirts is a must-have for summer fashion. Designed for casual use, it combines style and comfort effortlessly."
10859,Men,Apparel,Topwear,Tshirts,Navy Blue,Fall,2011,Casual,Wrangler Men Furious Rides Navy Blue T-Shirts,"This navy blue tshirts is a must-have for fall fashion. Designed for casual use, it combines style and comfort effortlessly."
59638,Women,Apparel,Saree,Sarees,Green,Fall,2012,Ethnic,FNF Green Wedding Collection Sari,"This green sarees is a must-have for fall fashion. Designed for ethnic use, it combines style and comfort effortlessly."
15517,Men,Footwear,Shoes,Casual Shoes,Red,Fall,2011,Casual,Rockport Men LLandro Red Casual Shoes,"This red casual shoes is a must-have for fall fashion. Designed for casual use, it combines style and comfort effortlessly."
4140,Women,Footwear,Shoes,Casual Shoes,Green,Winter,2015,Casual,Skechers Women Green Shoe,"This green casual shoes is a must-have for winter fashion. Designed for casual use, it combines style and comfort effortlessly."
36795,Men,Accessories,Watches,Watches,Silver,Winter,2016,Casual,Maxima Men Ssteele Silver Dial Watch,"This silver watches is a must-have for winter fashion. Designed for casual use, it combines style and comfort effortlessly."
40527,Men,Accessories,Watches,Watches,Gold,Winter,2016,Casual,Titan Men Gold Dial Watch,"This gold watches is a must-have for winter fashion. Designed for casual use, it combines style and comfort effortlessly."
10257,Men,Apparel,Bottomwear,Trousers,Black,Fall,2011,Formal,John Miller Men Solid Type Black Trousers,"This black trousers is a must-have for fall fashion. Designed for formal use, it combines style and comfort effortlessly."
24062,Men,Apparel,Topwear,Tshirts,Navy Blue,Summer,2012,Casual,Locomotive Men Navy Blue Printed T-shirt,"This navy blue tshirts is a must-have for summer fashion. Designed for casual use, it combines style and comfort effortlessly."
45869,Men,Accessories,Watches,Watches,Brown,Winter,2016,Casual,Maxima Men Brown Dial Watch,"This brown watches is a must-have for winter fashion. Designed for casual use, it combines style and comfort effortlessly."
11385,Women,Apparel,Topwear,Sweatshirts,Black,Fall,2011,Casual,United Colors Of Benetton Women Light Winter Black Sweatshirts,"This black sweatshirts is a must-have for fall fashion. Designed for casual use, it combines style and comfort effortlessly."
53130,Women,Footwear,Shoes,Flats,Brown,Winter,2015,Casual,Catwalk Women Brown Sandals,"This brown flats is a must-have for winter fashion. Designed for casual use, it combines style and comfort effortlessly."
44187,Women,Personal Care,Fragrance,Perfume and Body Mist,White,Spring,2017,Casual,Nike Fragrances Women 5th Element Perfume 150 ml,"This white perfume and body mist is a must-have for spring fashion. Designed for casual use, it combines style and comfort effortlessly."
21510,Women,Accessories,Bags,Handbags,White,Winter,2015,Casual,Kiara Women Graphiti White Handbag,"This white handbags is a must-have for winter fashion. Designed for casual use, it combines style and comfort effortlessly."
51667,Men,Accessories,Eyewear,Sunglasses,Grey,Winter,2016,Casual,Louis Philippe Men Grey Sunglasses,"This grey sunglasses is a must-have for winter fashion. Designed for casual use, it combines style and comfort effortlessly."
22395,Men,Apparel,Topwear,Shirts,Blue,Fall,2011,Casual,Mark Taylor Men Striped Blue Shirt,"This blue shirts is a must-have for fall fashion. Designed for casual use, it combines style and comfort effortlessly."
35322,Women,Accessories,Jewellery,Earrings,Silver,Winter,2016,Ethnic,Fabindia Women Anusuya Silver Earrings,"This silver earrings is a must-have for winter fashion. Designed for ethnic use, it combines style and comfort effortlessly."
6425,Unisex,Footwear,Shoes,Casual Shoes,Black,Summer,2011,Casual,Lotto Unisex Canvas Black Check Shoe,"This black casual shoes is a must-have for summer fashion. Designed for casual use, it combines style and comfort effortlessly."
18806,Men,Accessories,Belts,Belts,Tan,Summer,2011,Casual,Peter England Men Casual Tan Belt,"This tan belts is a must-have for summer fashion. Designed for casual use, it combines style and comfort effortlessly."
23247,Men,Footwear,Shoes,Formal Shoes,Black,Fall,2011,Formal,Arrow Men Formal Black Shoe,"This black formal shoes is a must-have for fall fashion. Designed for formal use, it combines style and comfort effortlessly."
17072,Women,Accessories,Belts,Belts,Grey,Winter,2015,Casual,Lino Perros Women Weaved  Grey Belt,"This grey belts is a must-have for winter fashion. Designed for casual use, it combines style and comfort effortlessly."
31782,Women,Apparel,Topwear,Tops,Blue,Summer,2012,Casual,Lee Women Paula Blue Top,"This blue tops is a must-have for summer fashion. Designed for casual use, it combines style and comfort effortlessly."
42270,Unisex,Footwear,Shoes,Casual Shoes,Black,Summer,2012,Casual,Vans Unisex Black & Grey Classic Shoes,"This black casual shoes is a must-have for summer fashion. Designed for casual use, it combines style and comfort effortlessly."
12500,Men,Apparel,Topwear,Shirts,Black,Fall,2011,Casual,United Colors of Benetton Men Short Black Shirts,"This black shirts is a must-have for fall fashion. Designed for casual use, it combines style and comfort effortlessly."
26735,Men,Personal Care,Fragrance,Deodorant,Black,Spring,2017,Casual,Reebok Men Pack of 2 Pirates of the Caribbean Deos,"This black deodorant is a must-have for spring fashion. Designed for casual use, it combines style and comfort effortlessly."
30650,Men,Apparel,Topwear,Tshirts,Black,Summer,2012,Casual,Nike Men Printed Black T-shirt,"This black tshirts is a must-have for summer fashion. Designed for casual use, it combines style and comfort effortlessly."
56026,Women,Personal Care,Lips,Lipstick,Brown,Spring,2017,Casual,Colorbar Soft Touch Mousse Lipstick 025,"This brown lipstick is a must-have for spring fashion. Designed for casual use, it combines style and comfort effortlessly."
21948,Women,Accessories,Bags,Handbags,Brown,Winter,2015,Casual,Murcia Women Casual Brown Handbag,"This brown handbags is a must-have for winter fashion. Designed for casual use, it combines style and comfort effortlessly."
32563,Women,Apparel,Bottomwear,Trousers,Blue,Summer,2012,Casual,ONLY Women directoire blue Trousers,"This blue trousers is a must-have for summer fashion. Designed for casual use, it combines style and comfort effortlessly."
58980,Women,Personal Care,Fragrance,Deodorant,Pink,Spring,2017,Casual,Colour me Women Flowers Deo,"This pink deodorant is a must-have for spring fashion. Designed for casual use, it combines style and comfort effortlessly."
40143,Girls,Apparel,Topwear,Tops,Blue,Summer,2012,Casual,Gini and Jony Girls Pretty Blossom Blue Top,"This blue tops is a must-have for summer fashion. Designed for casual use, it combines style and comfort effortlessly."
10633,Men,Footwear,Shoes,Formal Shoes,Brown,Fall,2011,Formal,Carlton London Men Formal Brown Formal Shoes,"This brown formal shoes is a must-have for fall fashion. Designed for formal use, it combines style and comfort effortlessly."
24406,Women,Apparel,Topwear,Kurtas,Red,Summer,2012,Ethnic,Vishudh Women Red Printed Kurta,"This red kurtas is a must-have for summer fashion. Designed for ethnic use, it combines style and comfort effortlessly."
4716,Unisex,Accessories,Watches,Watches,Black,Winter,2016,Sports,ADIDAS Unisex Response ST Analogue Black Watch,"This black watches is a must-have for winter fashion. Designed for sports use, it combines style and comfort effortlessly."
21174,Women,Apparel,Topwear,Tops,Beige,Fall,2011,Casual,s.Oliver Women Stripes Beige Top,"This beige tops is a must-have for fall fashion. Designed for casual use, it combines style and comfort effortlessly."
15341,Women,Apparel,Bottomwear,Shorts,Pink,Fall,2011,Sports,Nike Women Solid Pink Shorts,"This pink shorts is a must-have for fall fashion. Designed for sports use, it combines style and comfort effortlessly."
52486,Women,Apparel,Innerwear,Camisoles,Maroon,Winter,2015,Casual,Red Rose Maroon Camisole,"This maroon camisoles is a must-have for winter fashion. Designed for casual use, it combines style and comfort effortlessly."
53554,Men,Apparel,Innerwear,Boxers,Multi,Summer,2016,Casual,Probase Multicoloured Printed Boxers,"This multi boxers is a must-have for summer fashion. Designed for casual use, it combines style and comfort effortlessly."
14293,Men,Apparel,Topwear,Tshirts,Blue,Fall,2011,Casual,Classic Polo Men Stripes Blue Tshirts,"This blue tshirts is a must-have for fall fashion. Designed for casual use, it combines style and comfort effortlessly."
47366,Women,Accessories,Bags,Handbags,Blue,Summer,2012,Casual,Baggit Women Blue Bag,"This blue handbags is a must-have for summer fashion. Designed for casual use, it combines style and comfort effortlessly."
6041,Men,Apparel,Topwear,Tshirts,Navy Blue,Summer,2011,Casual,UCB Men's Polo Neck With Lion Logo Navy Blue T-shirt,"This navy blue tshirts is a must-have for summer fashion. Designed for casual use, it combines style and comfort effortlessly."
23623,Girls,Apparel,Topwear,Tops,Pink,Fall,2011,Casual,Doodle Kids Girls Pink I love Shopping Top,"This pink tops is a must-have for fall fashion. Designed for casual use, it combines style and comfort effortlessly."
17416,Men,Footwear,Shoes,Sports Shoes,Black,Fall,2011,Sports,Lotto Men Atlantica Black Sports Shoe,"This black sports shoes is a must-have for fall fashion. Designed for sports use, it combines style and comfort effortlessly."
9835,Women,Apparel,Topwear,Tshirts,Grey,Fall,2011,Casual,Little Miss Women Printed Grey T-shirt,"This grey tshirts is a must-have for fall fashion. Designed for casual use, it combines style and comfort effortlessly."
29319,Unisex,Accessories,Bags,Backpacks,Red,Summer,2012,Casual,ADIDAS Unisex Chicago Bulls Red Backpack,"This red backpacks is a must-have for summer fashion. Designed for casual use, it combines style and comfort effortlessly."
7193,Women,Apparel,Bottomwear,Jeans,Black,Fall,2011,Casual,Jealous 21 Women Black Jegging,"This black jeans is a must-have for fall fashion. Designed for casual use, it combines style and comfort effortlessly."
12958,Men,Footwear,Shoes,Sports Shoes,Black,Fall,2011,Sports,ADIDAS Men Sports Black Sports Shoes,"This black sports shoes is a must-have for fall fashion. Designed for sports use, it combines style and comfort effortlessly."
27283,Women,Apparel,Topwear,Kurtas,Magenta,Fall,2011,Ethnic,Mother Earth Women Magenta Kurta,"This magenta kurtas is a must-have for fall fashion. Designed for ethnic use, it combines style and comfort effortlessly."
30234,Men,Footwear,Flip Flops,Flip Flops,Black,Summer,2012,Casual,Numero Uno Men Black Flip Flops,"This black flip flops is a must-have for summer fashion. Designed for casual use, it combines style and comfort effortlessly."
9009,Women,Accessories,Bags,Handbags,Brown,Winter,2015,Casual,Murcia Women Snake Print Bag Brown Handbags,"This brown handbags is a must-have for winter fashion. Designed for casual use, it combines style and comfort effortlessly."
3533,Men,Apparel,Topwear,Tshirts,Navy Blue,Summer,2011,Casual,Myntra Men's If You Don't Like Navy Blue T-shirt,"This navy blue tshirts is a must-have for summer fashion. Designed for casual use, it combines style and comfort effortlessly."
42614,Women,Accessories,Jewellery,Jewellery Set,Gold,Winter,2016,Casual,Estelle Women Earrings & Pendant Set,"This gold jewellery set is a must-have for winter fashion. Designed for casual use, it combines style and comfort effortlessly."
12164,Women,Apparel,Topwear,Dupatta,Orange,Fall,2011,Ethnic,Aurelia Women Voile Orange Dupatta,"This orange dupatta is a must-have for fall fashion. Designed for ethnic use, it combines style and comfort effortlessly."
26351,Women,Accessories,Watches,Watches,White,Winter,2016,Casual,DKNY Women White Dial Watch NY8472,"This white watches is a must-have for winter fashion. Designed for casual use, it combines style and comfort effortlessly."
17624,Men,Apparel,Bottomwear,Track Pants,Navy Blue,Fall,2011,Sports,ADIDAS Men Solid Navy Blue Track Pant,"This navy blue track pants is a must-have for fall fashion. Designed for sports use, it combines style and comfort effortlessly."
47154,Girls,Apparel,Bottomwear,Capris,Black,Summer,2012,Casual,Gini and Jony Girls Black Capris,"This black capris is a must-have for summer fashion. Designed for casual use, it combines style and comfort effortlessly."
35574,Men,Footwear,Flip Flops,Flip Flops,Red,Summer,2013,Casual,Gliders Men Esquire Red Flip Flops,"This red flip flops is a must-have for summer fashion. Designed for casual use, it combines style and comfort effortlessly."
46086,Women,Footwear,Shoes,Sports Shoes,Lavender,Summer,2012,Sports,ADIDAS Women Lavender Hagkok Sports Shoes,"This lavender sports shoes is a must-have for summer fashion. Designed for sports use, it combines style and comfort effortlessly."
51031,Women,Apparel,Innerwear,Bra,White,Summer,2017,Casual,Enamor White Bra,"This white bra is a must-have for summer fashion. Designed for casual use, it combines style and comfort effortlessly."
13284,Men,Apparel,Bottomwear,Shorts,Black,Fall,2011,Casual,Gini and Jony Kids Boys Solid Black Shorts,"This black shorts is a must-have for fall fashion. Designed for casual use, it combines style and comfort effortlessly."
54543,Men,Footwear,Shoes,Sports Shoes,White,Fall,2012,Casual,F Sports Men White Outlander Sports Shoes,"This white sports shoes is a must-have for fall fashion. Designed for casual use, it combines style and comfort effortlessly."
55491,Women,Personal Care,Lips,Lip Gloss,Brown,Spring,2017,Casual,Revlon Gold Dust Poussiere Doree Colorburst Lip Gloss 024,"This brown lip gloss is a must-have for spring fashion. Designed for casual use, it combines style and comfort effortlessly."
26163,Men,Apparel,Bottomwear,Trousers,Grey,Summer,2012,Formal,John Miller Men Dark Grey Trousers,"This grey trousers is a must-have for summer fashion. Designed for formal use, it combines style and comfort effortlessly."
3701,Women,Apparel,Topwear,Tshirts,Black,Summer,2011,Casual,Tantra Women Flower Heart Black Long T-shirt,"This black tshirts is a must-have for summer fashion. Designed for casual use, it combines style and comfort effortlessly."
29917,Men,Accessories,Watches,Watches,White,Winter,2016,Casual,Police Men White Dial Watch PL12698JS,"This white watches is a must-have for winter fashion. Designed for casual use, it combines style and comfort effortlessly."
42426,Women,Apparel,Topwear,Kurtas,Sea Green,Summer,2012,Ethnic,Aurelia Women Sea Green Kurta,"This sea green kurtas is a must-have for summer fashion. Designed for ethnic use, it combines style and comfort effortlessly."
32751,Men,Footwear,Shoes,Casual Shoes,Black,Summer,2012,Casual,FILA Men Liga II Black Shoes,"This black casual shoes is a must-have for summer fashion. Designed for casual use, it combines style and comfort effortlessly."
56214,Women,Accessories,Jewellery,Earrings,Gold,Winter,2016,Casual,Estelle Women Gold Earrings,"This gold earrings is a must-have for winter fashion. Designed for casual use, it combines style and comfort effortlessly."
10401,Women,Apparel,Topwear,Tops,Purple,Fall,2011,Casual,Jealous 21 Women Uaine Purple Tops,"This purple tops is a must-have for fall fashion. Designed for casual use, it combines style and comfort effortlessly."
40371,Women,Apparel,Bottomwear,Jeans,Navy Blue,Summer,2012,Casual,Tokyo Talkies Women Navy Slim Fit Jeans,"This navy blue jeans is a must-have for summer fashion. Designed for casual use, it combines style and comfort effortlessly."
21346,Men,Accessories,Eyewear,Sunglasses,Gold,Winter,2016,Casual,Pal Zileri Men Casual Gold Frame Sunglasses,"This gold sunglasses is a must-have for winter fashion. Designed for casual use, it combines style and comfort effortlessly."
45603,Men,Footwear,Shoes,Formal Shoes,Black,Summer,2012,Formal,Arrow Men Black Formal Shoes,"This black formal shoes is a must-have for summer fashion. Designed for formal use, it combines style and comfort effortlessly."
4524,Men,Footwear,Shoes,Sports Shoes,Black,Summer,2011,Sports,Puma Men's YugoRun Black White Shoe,"This black sports shoes is a must-have for summer fashion. Designed for sports use, it combines style and comfort effortlessly."
37223,Women,Apparel,Topwear,Tops,Blue,Summer,2012,Casual,United Colors of Benetton Women Blue Top,"This blue tops is a must-have for summer fashion. Designed for casual use, it combines style and comfort effortlessly."
53766,Men,Apparel,Topwear,Tshirts,White,Summer,2012,Casual,Puma Men White and Navy Blue T-shirt,"This white tshirts is a must-have for summer fashion. Designed for casual use, it combines style and comfort effortlessly."
25520,Girls,Apparel,Topwear,Tops,White,Fall,2011,Casual,Doodle Kids Girls City Chic White Top,"This white tops is a must-have for fall fashion. Designed for casual use, it combines style and comfort effortlessly."
32597,Women,Apparel,Topwear,Tops,Black,Summer,2012,Casual,ONLY Women Black Top,"This black tops is a must-have for summer fashion. Designed for casual use, it combines style and comfort effortlessly."
58974,Men,Personal Care,Fragrance,Deodorant,Gold,Spring,2017,Casual,Colour me Men Gold Deo,"This gold deodorant is a must-have for spring fashion. Designed for casual use, it combines style and comfort effortlessly."
33445,Women,Accessories,Wallets,Wallets,Black,Summer,2012,Casual,Baggit Women Lamboo Mayur Black Wallet,"This black wallets is a must-have for summer fashion. Designed for casual use, it combines style and comfort effortlessly."
57100,Women,Apparel,Topwear,Tops,Pink,Summer,2012,Casual,Elle Women Dark Pink Top,"This pink tops is a must-have for summer fashion. Designed for casual use, it combines style and comfort effortlessly."
36137,Women,Footwear,Shoes,Sports Shoes,Pink,Summer,2012,Sports,Nike Women Free Run Pink Sports Shoes,"This pink sports shoes is a must-have for summer fashion. Designed for sports use, it combines style and comfort effortlessly."
41859,Men,Footwear,Sandal,Sandals,Black,Summer,2016,Casual,Estd. 1977 Men Black Sandals,"This black sandals is a must-have for summer fashion. Designed for casual use, it combines style and comfort effortlessly."
21180,Men,Footwear,Flip Flops,Flip Flops,Black,Summer,2011,Casual,ADIDAS Men Adi Cells Black Flip Flops,"This black flip flops is a must-have for summer fashion. Designed for casual use, it combines style and comfort effortlessly."
39943,Men,Footwear,Shoes,Casual Shoes,Brown,Summer,2013,Casual,GAS Men Brown Count Casual Shoes,"This brown casual shoes is a must-have for summer fashion. Designed for casual use, it combines style and comfort effortlessly."
52472,Women,Apparel,Loungewear and Nightwear,Bath Robe,Pink,Winter,2015,Casual,Red Rose Women White & Pink Polka Dot Print Bath Robe,"This pink bath robe is a must-have for winter fashion. Designed for casual use, it combines style and comfort effortlessly."
58148,Unisex,Accessories,Headwear,Caps,White,Fall,2012,Casual,Puma Unisex White Cap,"This white caps is a must-have for fall fashion. Designed for casual use, it combines style and comfort effortlessly."
20052,Women,Accessories,Mufflers,Mufflers,Yellow,Fall,2011,Casual,United Colors Of Benetton Women Yellow Muffler,"This yellow mufflers is a must-have for fall fashion. Designed for casual use, it combines style and comfort effortlessly."
5630,Women,Footwear,Flip Flops,Flip Flops,Blue,Summer,2011,Casual,ADIDAS Women's Adi Groove Blue Flip Flop,"This blue flip flops is a must-have for summer fashion. Designed for casual use, it combines style and comfort effortlessly."
44517,Men,Footwear,Flip Flops,Flip Flops,Brown,Summer,2013,Casual,Coolers Men Brown Pokar Flip Flops,"This brown flip flops is a must-have for summer fashion. Designed for casual use, it combines style and comfort effortlessly."
47392,Women,Accessories,Bags,Handbags,Beige,Fall,2012,Casual,Baggit Women Beige Bag,"This beige handbags is a must-have for fall fashion. Designed for casual use, it combines style and comfort effortlessly."
50325,Women,Apparel,Topwear,Kurtas,Navy Blue,Summer,2012,Ethnic,Aurelia Women Navy Blue Kurta,"This navy blue kurtas is a must-have for summer fashion. Designed for ethnic use, it combines style and comfort effortlessly."
8913,Men,Footwear,Shoes,Sports Shoes,White,Fall,2011,Sports,Puma Men Cabana Racer Sketch White Sports Shoes,"This white sports shoes is a must-have for fall fashion. Designed for sports use, it combines style and comfort effortlessly."
16530,Men,Apparel,Topwear,Shirts,Red,Fall,2011,Casual,Locomotive Men Check Red Shirt,"This red shirts is a must-have for fall fashion. Designed for casual use, it combines style and comfort effortlessly."
22705,Men,Footwear,Shoes,Casual Shoes,White,Fall,2011,Casual,Nike Men White Capri II Casual Shoe,"This white casual shoes is a must-have for fall fashion. Designed for casual use, it combines style and comfort effortlessly."
7167,Men,Apparel,Topwear,Shirts,Purple,Fall,2011,Casual,Scullers Men Scul Purple White Shirt,"This purple shirts is a must-have for fall fashion. Designed for casual use, it combines style and comfort effortlessly."
46240,Women,Apparel,Topwear,Tunics,White,Summer,2012,Casual,Fusion Beats Women White Printed Tunic,"This white tunics is a must-have for summer fashion. Designed for casual use, it combines style and comfort effortlessly."
27277,Women,Apparel,Topwear,Kurtas,Green,Fall,2011,Ethnic,Mother Earth Women Blue Kurta,"This green kurtas is a must-have for fall fashion. Designed for ethnic use, it combines style and comfort effortlessly."
13042,Women,Footwear,Shoes,Flats,Brown,Winter,2012,Casual,Inc 5 Women Brown Heels,"This brown flats is a must-have for winter fashion. Designed for casual use, it combines style and comfort effortlessly."
6889,Women,Apparel,Topwear,Jackets,Cream,Summer,2011,Casual,Forever New Women Stone Cream Jacket,"This cream jackets is a must-have for summer fashion. Designed for casual use, it combines style and comfort effortlessly."
31312,Women,Apparel,Topwear,Kurtas,Peach,Summer,2012,Ethnic,W Women Peach Kurta,"This peach kurtas is a must-have for summer fashion. Designed for ethnic use, it combines style and comfort effortlessly."
12190,Men,Apparel,Topwear,Shirts,Blue,Fall,2011,Casual,Basics Men Blue Slim Fit Checked Shirt,"This blue shirts is a must-have for fall fashion. Designed for casual use, it combines style and comfort effortlessly."
55657,Women,Footwear,Shoes,Heels,Gold,Winter,2015,Casual,Catwalk Women Golden Wedges,"This gold heels is a must-have for winter fashion. Designed for casual use, it combines style and comfort effortlessly."
19578,Women,Apparel,Topwear,Tops,Purple,Summer,2011,Casual,United Colors of Benetton Women Solid Purple Top,"This purple tops is a must-have for summer fashion. Designed for casual use, it combines style and comfort effortlessly."
27879,Women,Apparel,Topwear,Tops,Blue,Summer,2012,Casual,Scullers For Her Women Blue Top,"This blue tops is a must-have for summer fashion. Designed for casual use, it combines style and comfort effortlessly."
34452,Women,Footwear,Shoes,Flats,Copper,Winter,2012,Casual,Rocia Women Copper Sandals,"This copper flats is a must-have for winter fashion. Designed for casual use, it combines style and comfort effortlessly."
6287,Men,Apparel,Topwear,Tshirts,Yellow,Summer,2011,Casual,Classic Polo Men's Swiss Yellow T-shirt,"This yellow tshirts is a must-have for summer fashion. Designed for casual use, it combines style and comfort effortlessly."
7355,Men,Apparel,Topwear,Tshirts,Navy Blue,Fall,2011,Casual,Tantra Men's Black Sabbath Navy T-shirt,"This navy blue tshirts is a must-have for fall fashion. Designed for casual use, it combines style and comfort effortlessly."
46072,Men,Accessories,Belts,Belts,Black,Summer,2012,Casual,Lino Perros Men Black Leather Belt,"This black belts is a must-have for summer fashion. Designed for casual use, it combines style and comfort effortlessly."
22537,Men,Footwear,Sandal,Sandals,Tan,Summer,2013,Casual,Gas Men Eldorado Tan Casual  Sandals,"This tan sandals is a must-have for summer fashion. Designed for casual use, it combines style and comfort effortlessly."
28831,Women,Apparel,Innerwear,Briefs,Brown,Summer,2017,Casual,Enamor Women Pack of 3 Mid-Rise Bikini Brief,"This brown briefs is a must-have for summer fashion. Designed for casual use, it combines style and comfort effortlessly."
43500,Men,Apparel,Topwear,Tshirts,White,Summer,2012,Casual,French Connection Men White T-shirt,"This white tshirts is a must-have for summer fashion. Designed for casual use, it combines style and comfort effortlessly."
2627,Women,Footwear,Shoes,Flats,Silver,Fall,2010,Casual,Carlton London Women Wedge Silver Sandal,"This silver flats is a must-have for fall fashion. Designed for casual use, it combines style and comfort effortlessly."
27045,Women,Accessories,Bags,Clutches,Off White,Summer,2012,Casual,Yelloe Off White Fur Zip Clutch,"This off white clutches is a must-have for summer fashion. Designed for casual use, it combines style and comfort effortlessly."
13270,Women,Apparel,Topwear,Tops,White,Fall,2011,Casual,Palm Tree Kids Girls Printed White Tops,"This white tops is a must-have for fall fashion. Designed for casual use, it combines style and comfort effortlessly."
18698,Men,Apparel,Innerwear,Briefs,Grey,Summer,2016,Casual,Hanes Men Grey Ultimate Duo Dry Cotton Stretch Bikini Briefs,"This grey briefs is a must-have for summer fashion. Designed for casual use, it combines style and comfort effortlessly."
55465,Women,Personal Care,Lips,Lipstick,Red,Spring,2017,Casual,Revlon Super Lusterous Lipstick 304,"This red lipstick is a must-have for spring fashion. Designed for casual use, it combines style and comfort effortlessly."
26197,Men,Personal Care,Fragrance,Perfume and Body Mist,Green,Spring,2017,Casual,Formula 1 Go Men Perfume,"This green perfume and body mist is a must-have for spring fashion. Designed for casual use, it combines style and comfort effortlessly."
31120,Girls,Apparel,Topwear,Tops,Pink,Summer,2012,Casual,Palm Tree Girls Pink Top,"This pink tops is a must-have for summer fashion. Designed for casual use, it combines style and comfort effortlessly."
25712,Unisex,Accessories,Headwear,Caps,Blue,Summer,2012,Sports,ADIDAS Unisex Blue Cap,"This blue caps is a must-have for summer fashion. Designed for sports use, it combines style and comfort effortlessly."
11527,Men,Apparel,Topwear,Tshirts,Olive,Fall,2011,Casual,United Colors of Benetton Men Olive Tshirts,"This olive tshirts is a must-have for fall fashion. Designed for casual use, it combines style and comfort effortlessly."
14869,Men,Accessories,Wallets,Wallets,Black,Summer,2011,Casual,United Colors of Benetton Men Solid Black Wallets,"This black wallets is a must-have for summer fashion. Designed for casual use, it combines style and comfort effortlessly."
40385,Women,Apparel,Topwear,Tops,Yellow,Summer,2012,Casual,Tokyo Talkies Women Yellow Top,"This yellow tops is a must-have for summer fashion. Designed for casual use, it combines style and comfort effortlessly."
15187,Men,Apparel,Topwear,Tshirts,White,Fall,2011,Casual,Arrow Sport Men Solid White Polo Tshirts,"This white tshirts is a must-have for fall fashion. Designed for casual use, it combines style and comfort effortlessly."
5402,Women,Footwear,Shoes,Sports Shoes,Purple,All-season,2011,Sports,Kalenji Ekiden 200 Wn Purple 2011,"This purple sports shoes is a must-have for all-season fashion. Designed for sports use, it combines style and comfort effortlessly."
44725,Women,Footwear,Flip Flops,Flip Flops,Orange,Summer,2012,Casual,Lotto Women Coral Elegant Flip Flops,"This orange flip flops is a must-have for summer fashion. Designed for casual use, it combines style and comfort effortlessly."
14055,Men,Apparel,Topwear,Shirts,Green,Fall,2011,Casual,Flying Machine Men Check Green Shirts,"This green shirts is a must-have for fall fashion. Designed for casual use, it combines style and comfort effortlessly."
20260,Men,Apparel,Topwear,Tshirts,Navy Blue,Fall,2011,Casual,Wrangler Men Applique Navy Blue Tshirt,"This navy blue tshirts is a must-have for fall fashion. Designed for casual use, it combines style and comfort effortlessly."
7731,Men,Footwear,Flip Flops,Flip Flops,Grey,Winter,2011,Casual,Puma Men's Winglet II Grey Yellow White Flip Flop,"This grey flip flops is a must-have for winter fashion. Designed for casual use, it combines style and comfort effortlessly."
22153,Men,Footwear,Sandal,Sandals,Brown,Summer,2011,Casual,Lee Cooper Men Brown Casual Sandals,"This brown sandals is a must-have for summer fashion. Designed for casual use, it combines style and comfort effortlessly."
43958,Men,Footwear,Sandal,Sandals,Olive,Fall,2012,Casual,Puma Men Olive Techno Ind Sandal,"This olive sandals is a must-have for fall fashion. Designed for casual use, it combines style and comfort effortlessly."
28469,Women,Apparel,Topwear,Tshirts,Pink,Summer,2012,Casual,Urban Yoga Women Printed Pink T-shirt,"This pink tshirts is a must-have for summer fashion. Designed for casual use, it combines style and comfort effortlessly."
50573,Men,Apparel,Innerwear,Trunk,Charcoal,Summer,2016,Casual,Chromozome Men Charcoal Trunk Trunks,"This charcoal trunk is a must-have for summer fashion. Designed for casual use, it combines style and comfort effortlessly."
34036,Boys,Apparel,Topwear,Shirts,Blue,Summer,2012,Casual,Palm Tree Boys Check Blue Shirt,"This blue shirts is a must-have for summer fashion. Designed for casual use, it combines style and comfort effortlessly."
55001,Women,Personal Care,Lips,Lipstick,Pink,Spring,2017,general,Lakme Absolute Lip Last Day Kiss Lip Colour,"This pink lipstick is a must-have for spring fashion. Designed for general use, it combines style and comfort effortlessly."
8779,Men,Apparel,Topwear,Shirts,Navy Blue,Fall,2011,Casual,Indigo Nation Men Club Satin Hot Stepper Navy Blue Shirt,"This navy blue shirts is a must-have for fall fashion. Designed for casual use, it combines style and comfort effortlessly."
3391,Women,Accessories,Bags,Handbags,White,Winter,2015,Casual,Murcia Women White With Stitch Bag,"This white handbags is a must-have for winter fashion. Designed for casual use, it combines style and comfort effortlessly."
43164,Men,Accessories,Watches,Watches,Black,Winter,2016,Casual,Fastrack Men Black Watch,"This black watches is a must-have for winter fashion. Designed for casual use, it combines style and comfort effortlessly."
2243,Men,Apparel,Topwear,Tshirts,White,Fall,2010,Sports,ADIDAS Men Stripe Polo White Polo T-shirt,"This white tshirts is a must-have for fall fashion. Designed for sports use, it combines style and comfort effortlessly."
30496,Women,Apparel,Innerwear,Bra,Purple,Summer,2014,Casual,Lovable Women Fiona Purple Bra,"This purple bra is a must-have for summer fashion. Designed for casual use, it combines style and comfort effortlessly."
27421,Women,Apparel,Loungewear and Nightwear,Lounge Pants,Blue,Winter,2015,Casual,Jockey Women Blue Lounge Pants,"This blue lounge pants is a must-have for winter fashion. Designed for casual use, it combines style and comfort effortlessly."
57756,Women,Personal Care,Skin Care,Face Wash and Cleanser,Green,Spring,2017,Casual,Lotus Herbals Neem & Clove Purifying Face Wash,"This green face wash and cleanser is a must-have for spring fashion. Designed for casual use, it combines style and comfort effortlessly."
33213,Women,Apparel,Topwear,Tops,Magenta,Summer,2012,Casual,Sepia Women Printed Magenta Top,"This magenta tops is a must-have for summer fashion. Designed for casual use, it combines style and comfort effortlessly."
39729,Women,Apparel,Topwear,Tops,Olive,Summer,2012,Casual,Arrow Woman Olive Top,"This olive tops is a must-have for summer fashion. Designed for casual use, it combines style and comfort effortlessly."
25376,Men,Apparel,Innerwear,Innerwear Vests,Grey,Summer,2016,Casual,Levis Men Grey Innerwear T-Shirt,"This grey innerwear vests is a must-have for summer fashion. Designed for casual use, it combines style and comfort effortlessly."
11143,Men,Apparel,Topwear,Shirts,Black,Fall,2011,Casual,Scullers Men Price Catch Black Shirts,"This black shirts is a must-have for fall fashion. Designed for casual use, it combines style and comfort effortlessly."
56684,Women,Apparel,Saree,Sarees,Beige,Fall,2012,Ethnic,Fabindia Beige & Maroon Mull Printed Saree,"This beige sarees is a must-have for fall fashion. Designed for ethnic use, it combines style and comfort effortlessly."
4988,Women,Apparel,Dress,Dresses,White,Summer,2011,Casual,Gini and Jony Girl's Vanya White Polka Dot Kidswear,"This white dresses is a must-have for summer fashion. Designed for casual use, it combines style and comfort effortlessly."
44341,Men,Apparel,Topwear,Tshirts,Blue,Summer,2012,Casual,Indian Terrain Men Blue T-shirt,"This blue tshirts is a must-have for summer fashion. Designed for casual use, it combines style and comfort effortlessly."
14431,Women,Footwear,Shoes,Heels,Black,Summer,2012,Casual,Enroute Women Casual Black Flats,"This black heels is a must-have for summer fashion. Designed for casual use, it combines style and comfort effortlessly."
20604,Women,Accessories,Bags,Handbags,Brown,Winter,2015,Casual,Baggit Women Umbrella Dum Brown Handbag,"This brown handbags is a must-have for winter fashion. Designed for casual use, it combines style and comfort effortlessly."
52224,Women,Accessories,Jewellery,Necklace and Chains,Silver,Summer,2012,Casual,Lencia Grey Swarovski Pearl Necklace,"This silver necklace and chains is a must-have for summer fashion. Designed for casual use, it combines style and comfort effortlessly."
45293,Women,Accessories,Watches,Watches,Red,Winter,2016,Casual,CASIO SHEEN Women Red Dial Watch SX017,"This red watches is a must-have for winter fashion. Designed for casual use, it combines style and comfort effortlessly."
36761,Men,Accessories,Watches,Watches,Black,Winter,2016,Casual,Maxima Men Black Watch,"This black watches is a must-have for winter fashion. Designed for casual use, it combines style and comfort effortlessly."
33021,Women,Apparel,Topwear,Kurtas,Cream,Summer,2012,Ethnic,Mother Earth Women Printed Cream Kurta,"This cream kurtas is a must-have for summer fashion. Designed for ethnic use, it combines style and comfort effortlessly."
25144,Women,Accessories,Bags,Handbags,Orange,Winter,2015,Casual,Lino Perros Women Leatherite Orange Handbag,"This orange handbags is a must-have for winter fashion. Designed for casual use, it combines style and comfort effortlessly."
11371,Men,Apparel,Topwear,Shirts,Black,Fall,2011,Casual,United Colors Of Benetton Men Summer Black Shirts,"This black shirts is a must-have for fall fashion. Designed for casual use, it combines style and comfort effortlessly."
41401,Women,Apparel,Topwear,Tops,White,Summer,2012,Casual,Wrangler Women White Smocked Top,"This white tops is a must-have for summer fashion. Designed for casual use, it combines style and comfort effortlessly."
14603,Men,Accessories,Socks,Socks,Grey,Summer,2011,Casual,United Colors of Benetton Men Pack of 2 Grey Socks,"This grey socks is a must-have for summer fashion. Designed for casual use, it combines style and comfort effortlessly."
37481,Women,Accessories,Watches,Watches,White,Winter,2016,Casual,Esprit Women White Dial Watch,"This white watches is a must-have for winter fashion. Designed for casual use, it combines style and comfort effortlessly."
5254,Unisex,Accessories,Bags,Duffel Bag,Red,Winter,2015,Casual,Wildcraft Unisex Red Duffle Bag,"This red duffel bag is a must-have for winter fashion. Designed for casual use, it combines style and comfort effortlessly."
44173,Women,Personal Care,Fragrance,Perfume and Body Mist,Pink,Spring,2017,Casual,Nike Fragrances Women Trendy Perfume 75ml,"This pink perfume and body mist is a must-have for spring fashion. Designed for casual use, it combines style and comfort effortlessly."
25978,Women,Personal Care,Fragrance,Perfume and Body Mist,Pink,Spring,2017,Casual,J.Del Pozo Halloween Kiss Sexy Women Perfume,"This pink perfume and body mist is a must-have for spring fashion. Designed for casual use, it combines style and comfort effortlessly."
4386,Men,Apparel,Topwear,Tshirts,Grey,Summer,2011,Casual,Wrangler Cowboy Photo T-shirt,"This grey tshirts is a must-have for summer fashion. Designed for casual use, it combines style and comfort effortlessly."
51693,Unisex,Accessories,Eyewear,Sunglasses,Brown,Winter,2016,Casual,Van Heusen Unisex Brown Sunglasses,"This brown sunglasses is a must-have for winter fashion. Designed for casual use, it combines style and comfort effortlessly."
16154,Men,Footwear,Shoes,Formal Shoes,Black,Fall,2011,Formal,Enroute Men Leather Black Formal Shoes,"This black formal shoes is a must-have for fall fashion. Designed for formal use, it combines style and comfort effortlessly."
22361,Men,Footwear,Sandal,Sports Sandals,Navy Blue,Summer,2012,Casual,Reebok Men Navy Twist Sandals,"This navy blue sports sandals is a must-have for summer fashion. Designed for casual use, it combines style and comfort effortlessly."
29789,Men,Apparel,Topwear,Tshirts,Pink,Summer,2013,Casual,Basics Men Pack of 3 T-shirt,"This pink tshirts is a must-have for summer fashion. Designed for casual use, it combines style and comfort effortlessly."
19920,Unisex,Accessories,Bags,Backpacks,Black,Winter,2015,Casual,Wildcraft Unisex Black Outdoor Backpack,"This black backpacks is a must-have for winter fashion. Designed for casual use, it combines style and comfort effortlessly."
7503,Men,Apparel,Topwear,Tshirts,Blue,Summer,2011,Sports,Nike Men's As Icon Blue T-shirt,"This blue tshirts is a must-have for summer fashion. Designed for sports use, it combines style and comfort effortlessly."
46624,Men,Personal Care,Fragrance,Deodorant,Grey,Spring,2017,Casual,Rasasi Men Emotion Deo and Perfume Set,"This grey deodorant is a must-have for spring fashion. Designed for casual use, it combines style and comfort effortlessly."
34204,Men,Apparel,Bottomwear,Track Pants,Navy Blue,Fall,2013,Casual,Proline Men Navy Track Pants,"This navy blue track pants is a must-have for fall fashion. Designed for casual use, it combines style and comfort effortlessly."
17086,Women,Accessories,Wallets,Wallets,Orange,Winter,2015,Casual,Lino Perros Women Blue Zip Orange Wallet,"This orange wallets is a must-have for winter fashion. Designed for casual use, it combines style and comfort effortlessly."
50741,Men,Footwear,Shoes,Casual Shoes,Black,Winter,2018,Casual,Red Chief Men Black Shoes,"This black casual shoes is a must-have for winter fashion. Designed for casual use, it combines style and comfort effortlessly."
55233,Women,Personal Care,Makeup,Foundation and Primer,Skin,Summer,2019,Casual,Lakme Nine to Five Flawless Makeup Shell Foundation,"This skin foundation and primer is a must-have for summer fashion. Designed for casual use, it combines style and comfort effortlessly."
13426,Men,Apparel,Topwear,Tshirts,Red,Summer,2011,Casual,United Colors of Benetton Men Stripes Red  Polo T-shirts,"This red tshirts is a must-have for summer fashion. Designed for casual use, it combines style and comfort effortlessly."
43356,Women,Footwear,Shoes,Sports Shoes,Charcoal,Summer,2012,Sports,Reebok Women Charcoal Grey Fuel Techno Sports Shoes,"This charcoal sports shoes is a must-have for summer fashion. Designed for sports use, it combines style and comfort effortlessly."
28207,Men,Accessories,Eyewear,Sunglasses,Black,Winter,2016,Casual,Ray-Ban Men Active Lifestyle Black Sunglasses,"This black sunglasses is a must-have for winter fashion. Designed for casual use, it combines style and comfort effortlessly."
13846,Men,Apparel,Topwear,Shirts,Blue,Fall,2011,Casual,John Miller Men Stripes Blue Shirts,"This blue shirts is a must-have for fall fashion. Designed for casual use, it combines style and comfort effortlessly."
12994,Boys,Footwear,Shoes,Sports Shoes,Black,Fall,2011,Sports,ADIDAS Kids Boys Duramo Synthetic Black Sports Shoes,"This black sports shoes is a must-have for fall fashion. Designed for sports use, it combines style and comfort effortlessly."
46278,Women,Apparel,Topwear,Tunics,Red,Summer,2012,Casual,109F Women Red & White Striped Tunic,"This red tunics is a must-have for summer fashion. Designed for casual use, it combines style and comfort effortlessly."
16508,Men,Apparel,Bottomwear,Jeans,Blue,Fall,2011,Casual,Locomotive Men Washed Blue Jeans,"This blue jeans is a must-have for fall fashion. Designed for casual use, it combines style and comfort effortlessly."
18492,Men,Footwear,Flip Flops,Flip Flops,Blue,Fall,2011,Casual,Puma Men Danny Blue Slipper,"This blue flip flops is a must-have for fall fashion. Designed for casual use, it combines style and comfort effortlessly."
19540,Men,Apparel,Topwear,Sweaters,Blue,Summer,2011,Casual,United Colors of Benetton Men Solid Blue Sweater,"This blue sweaters is a must-have for summer fashion. Designed for casual use, it combines style and comfort effortlessly."
7963,Men,Apparel,Topwear,Tshirts,White,Fall,2011,Sports,Puma Men's Large Logo Graphic White French T-shirt,"This white tshirts is a must-have for fall fashion. Designed for sports use, it combines style and comfort effortlessly."
8117,Men,Accessories,Watches,Watches,Black,Winter,2016,Casual,Fastrack Men New Analog Black Navy Watch,"This black watches is a must-have for winter fashion. Designed for casual use, it combines style and comfort effortlessly."
49230,Men,Accessories,Socks,Socks,Black,Summer,2016,Casual,Calzini Men Pack of 5 Sports Socks,"This black socks is a must-have for summer fashion. Designed for casual use, it combines style and comfort effortlessly."
39147,Women,Apparel,Apparel Set,Kurta Sets,Purple,Fall,2012,Ethnic,Aneri Women Purple Salwar Suit,"This purple kurta sets is a must-have for fall fashion. Designed for ethnic use, it combines style and comfort effortlessly."
36933,Women,Personal Care,Fragrance,Perfume and Body Mist,Purple,Spring,2017,Casual,Bulgari Women Omnia Perfume,"This purple perfume and body mist is a must-have for spring fashion. Designed for casual use, it combines style and comfort effortlessly."
57138,Women,Apparel,Bottomwear,Trousers,Brown,Summer,2012,Casual,Elle Women Brown Trousers,"This brown trousers is a must-have for summer fashion. Designed for casual use, it combines style and comfort effortlessly."
20856,Men,Footwear,Shoes,Casual Shoes,Black,Fall,2011,Casual,United Colors of Benetton Men Casual Black Shoes,"This black casual shoes is a must-have for fall fashion. Designed for casual use, it combines style and comfort effortlessly."
41861,Men,Footwear,Sandal,Sandals,Black,Summer,2016,Casual,Estd. 1977 Men Black Sandals,"This black sandals is a must-have for summer fashion. Designed for casual use, it combines style and comfort effortlessly."
5608,Men,Footwear,Sandal,Sandals,Black,Summer,2011,Casual,ADIDAS Men Kendall Black Navy Floater,"This black sandals is a must-have for summer fashion. Designed for casual use, it combines style and comfort effortlessly."
58170,Women,Accessories,Bags,Clutches,Red,Fall,2012,Casual,Rocky S Women Red Clutch,"This red clutches is a must-have for fall fashion. Designed for casual use, it combines style and comfort effortlessly."
53598,Men,Free Items,Free Gifts,Free Gifts,Black,Winter,2016,Sports,Q&Q Men Black Digital Watch,"This black free gifts is a must-have for winter fashion. Designed for sports use, it combines style and comfort effortlessly."
15983,Men,Apparel,Topwear,Shirts,Burgundy,Fall,2011,Casual,Turtle Solid Men  Burgundy Shirt,"This burgundy shirts is a must-have for fall fashion. Designed for casual use, it combines style and comfort effortlessly."
39375,Women,Accessories,Watches,Watches,Silver,Winter,2016,Casual,Helix Women Silver Dial Watch,"This silver watches is a must-have for winter fashion. Designed for casual use, it combines style and comfort effortlessly."
14851,Women,Accessories,Wallets,Wallets,Coffee Brown,Summer,2011,Casual,United Colors of Benetton Women Solid Coffee Brown Wallets,"This coffee brown wallets is a must-have for summer fashion. Designed for casual use, it combines style and comfort effortlessly."
59290,Men,Accessories,Watches,Watches,Black,Winter,2016,Casual,Titan Men Black Dial Watch,"This black watches is a must-have for winter fashion. Designed for casual use, it combines style and comfort effortlessly."
52678,Men,Accessories,Watches,Watches,Black,Winter,2016,Casual,Morellato Men Black Watch,"This black watches is a must-have for winter fashion. Designed for casual use, it combines style and comfort effortlessly."
20258,Men,Apparel,Topwear,Tshirts,Brown,Fall,2011,Casual,Wrangler Men Polo Charcoal T-shirt,"This brown tshirts is a must-have for fall fashion. Designed for casual use, it combines style and comfort effortlessly."
47198,Men,Footwear,Sandal,Sandals,Brown,Summer,2012,Casual,Franco Leone Men Brown Sandals,"This brown sandals is a must-have for summer fashion. Designed for casual use, it combines style and comfort effortlessly."
27841,Men,Accessories,Belts,Belts,White,Summer,2012,Casual,Bulchee Men Plain Jeans White Belt,"This white belts is a must-have for summer fashion. Designed for casual use, it combines style and comfort effortlessly."
28035,Men,Apparel,Innerwear,Briefs,Grey Melange,Summer,2016,Casual,Jockey ELANCE Men Grey Melange Y Front Briefs 1006,"This grey melange briefs is a must-have for summer fashion. Designed for casual use, it combines style and comfort effortlessly."
31924,Women,Accessories,Bags,Handbags,Black,Summer,2012,Casual,Fabindia Women Black Silk Handbag,"This black handbags is a must-have for summer fashion. Designed for casual use, it combines style and comfort effortlessly."
26993,Women,Apparel,Bottomwear,Jeans,Blue,Summer,2012,Casual,Jealous 21 Women Washed Blue Jeans,"This blue jeans is a must-have for summer fashion. Designed for casual use, it combines style and comfort effortlessly."
13248,Men,Apparel,Bottomwear,Trousers,Brown,Fall,2011,Casual,Palm Tree Kids Boy Solid Brown Trousers,"This brown trousers is a must-have for fall fashion. Designed for casual use, it combines style and comfort effortlessly."
43538,Women,Apparel,Topwear,Tops,Blue,Summer,2012,Casual,French Connection Women Blue Top,"This blue tops is a must-have for summer fashion. Designed for casual use, it combines style and comfort effortlessly."
8325,Boys,Apparel,Topwear,Tshirts,Yellow,Fall,2011,Casual,Doodle Boy's Athletic 77 Dept Yellow Teen Kidswear,"This yellow tshirts is a must-have for fall fashion. Designed for casual use, it combines style and comfort effortlessly."
31118,Girls,Apparel,Topwear,Tops,Red,Summer,2012,Casual,Gini and Jony Girls Red Top,"This red tops is a must-have for summer fashion. Designed for casual use, it combines style and comfort effortlessly."
19772,Men,Footwear,Shoes,Casual Shoes,Blue,Fall,2011,Casual,ADIDAS Men Vigor Blue Casual Shoes,"This blue casual shoes is a must-have for fall fashion. Designed for casual use, it combines style and comfort effortlessly."
46876,Men,Accessories,Socks,Socks,Grey,Summer,2012,Casual,Lino Perros Men Pack of 2 Socks,"This grey socks is a must-have for summer fashion. Designed for casual use, it combines style and comfort effortlessly."
5862,Men,Apparel,Topwear,Tshirts,Black,Summer,2011,Casual,ADIDAS Men's Stripe Black T-shirt,"This black tshirts is a must-have for summer fashion. Designed for casual use, it combines style and comfort effortlessly."
39711,Men,Accessories,Watches,Watches,Black,Winter,2016,Casual,ADIDAS Original Men Black Dial Chronograph Watch ADH2641,"This black watches is a must-have for winter fashion. Designed for casual use, it combines style and comfort effortlessly."
14409,Women,Footwear,Shoes,Heels,White,Summer,2012,Casual,Enroute Women Casual White Heels,"This white heels is a must-have for summer fashion. Designed for casual use, it combines style and comfort effortlessly."
58726,Men,Apparel,Topwear,Tshirts,Grey,Summer,2012,Casual,Puma Men Grey T-shirt,"This grey tshirts is a must-have for summer fashion. Designed for casual use, it combines style and comfort effortlessly."
44379,Men,Personal Care,Fragrance,Perfume and Body Mist,Black,Spring,2017,Casual,ADIDAS Men Intense Touch  Perfume,"This black perfume and body mist is a must-have for spring fashion. Designed for casual use, it combines style and comfort effortlessly."
11947,Men,Footwear,Sandal,Sandals,Olive,Summer,2012,Casual,Ganuchi Men Casual Olive Sandals,"This olive sandals is a must-have for summer fashion. Designed for casual use, it combines style and comfort effortlessly."
36759,Men,Accessories,Watches,Watches,White,Winter,2016,Casual,Maxima Men White Dial Watch,"This white watches is a must-have for winter fashion. Designed for casual use, it combines style and comfort effortlessly."
51499,Women,Apparel,Bottomwear,Jeans,Blue,Summer,2012,Casual,Denizen Women Blue Jeans,"This blue jeans is a must-have for summer fashion. Designed for casual use, it combines style and comfort effortlessly."
29583,Women,Footwear,Shoes,Flats,Silver,Summer,2012,Casual,Puma Women Grace Silver Sandals,"This silver flats is a must-have for summer fashion. Designed for casual use, it combines style and comfort effortlessly."
55805,Women,Apparel,Loungewear and Nightwear,Night suits,Pink,Summer,2017,Casual,SDL by Sweet Dreams Women Pink & Black Printed Night Suit S11-3134,"This pink night suits is a must-have for summer fashion. Designed for casual use, it combines style and comfort effortlessly."
7709,Women,Apparel,Bottomwear,Jeans,Black,Fall,2011,Casual,Jealous 21 Women's Aaren Black Jegging,"This black jeans is a must-have for fall fashion. Designed for casual use, it combines style and comfort effortlessly."
28451,Women,Apparel,Bottomwear,Track Pants,Black,Summer,2012,Casual,Urban Yoga Women Black Track Pants,"This black track pants is a must-have for summer fashion. Designed for casual use, it combines style and comfort effortlessly."
43960,Men,Apparel,Topwear,Shirts,Grey,Summer,2012,Formal,Indigo Nation Men Grey Striped Shirt,"This grey shirts is a must-have for summer fashion. Designed for formal use, it combines style and comfort effortlessly."
8741,Men,Apparel,Topwear,Shirts,Navy Blue,Fall,2011,Casual,Indigo Nation Men Checks Shirt Navy Blue Shirts,"This navy blue shirts is a must-have for fall fashion. Designed for casual use, it combines style and comfort effortlessly."
55039,Women,Personal Care,Lips,Lipstick,Brown,Spring,2017,Casual,Lakme Absolute Matte Merlot Lipstick 45,"This brown lipstick is a must-have for spring fashion. Designed for casual use, it combines style and comfort effortlessly."
19316,Unisex,Accessories,Bags,Backpacks,Grey,Fall,2011,Casual,Nike Unisex Hayward 25M Grey Backpack,"This grey backpacks is a must-have for fall fashion. Designed for casual use, it combines style and comfort effortlessly."
27419,Women,Apparel,Loungewear and Nightwear,Lounge Pants,Black,Winter,2015,Casual,Jockey Women Black Lounge Pants,"This black lounge pants is a must-have for winter fashion. Designed for casual use, it combines style and comfort effortlessly."
34832,Men,Footwear,Shoes,Sports Shoes,White,Summer,2012,Sports,ADIDAS Men Sukoi White Sports Shoes,"This white sports shoes is a must-have for summer fashion. Designed for sports use, it combines style and comfort effortlessly."
23885,Men,Footwear,Shoes,Sports Shoes,Grey,Winter,2012,Sports,Fila Men Grey Hex Sports Shoes,"This grey sports shoes is a must-have for winter fashion. Designed for sports use, it combines style and comfort effortlessly."
19918,Unisex,Accessories,Bags,Backpacks,Black,Winter,2015,Casual,Wildcraft Unisex Black Backpack,"This black backpacks is a must-have for winter fashion. Designed for casual use, it combines style and comfort effortlessly."
